Date,S. No.,Name of State / UT,Total Confirmed cases,Cured/Discharged/Migrated,Death
03-30-2020,1,Andhra Pradesh,23,1,0
03-30-2020,2,Andaman and Nicobar Islands,9,0,0
03-30-2020,3,Bihar,15,0,1
03-30-2020,4,Chandigarh,8,0,0
03-30-2020,5,Chhattisgarh,7,0,0
03-30-2020,6,Delhi,87,6,2
03-30-2020,7,Goa,5,0,0
03-30-2020,8,Gujarat,69,1,6
03-30-2020,9,Haryana,36,18,0
03-30-2020,10,Himachal Pradesh,3,0,1
03-30-2020,11,Jammu and Kashmir,48,2,2
03-30-2020,12,Karnataka,83,5,3
03-30-2020,13,Kerala,202,19,1
03-30-2020,14,Ladakh,13,3,0
03-30-2020,15,Madhya Pradesh,47,0,3
03-30-2020,16,Maharashtra,198,25,8
03-30-2020,17,Manipur,1,0,0
03-30-2020,18,Mizoram,1,0,0
03-30-2020,19,Odisha,3,0,0
03-30-2020,20,Puducherry,1,0,0
03-30-2020,21,Punjab,38,1,1
03-30-2020,22,Rajasthan,59,3,0
03-30-2020,23,Tamil Nadu,67,4,1
03-30-2020,24,Telengana,71,1,1
03-30-2020,25,Uttarakhand,7,2,0
03-30-2020,26,Uttar Pradesh,82,11,0
03-30-2020,27,West Bengal,22,0,2
03-31-2020,1,Andhra Pradesh,40,1,0
03-31-2020,2,Andaman and Nicobar Islands,10,0,0
03-31-2020,3,Bihar,15,0,1
03-31-2020,4,Chandigarh,13,0,0
03-31-2020,5,Chhattisgarh,8,0,0
03-31-2020,6,Delhi,97,6,2
03-31-2020,7,Goa,5,0,0
03-31-2020,8,Gujarat,73,3,6
03-31-2020,9,Haryana,40,21,0
03-31-2020,10,Himachal Pradesh,3,0,1
03-31-2020,11,Jammu and Kashmir,54,2,2
03-31-2020,12,Karnataka,83,5,3
03-31-2020,13,Kerala,234,19,1
03-31-2020,14,Ladakh,13,3,0
03-31-2020,15,Madhya Pradesh,47,0,3
03-31-2020,16,Maharashtra,216,39,9
03-31-2020,17,Manipur,1,0,0
03-31-2020,18,Mizoram,1,0,0
03-31-2020,19,Odisha,3,0,0
03-31-2020,20,Puducherry,1,0,0
03-31-2020,21,Punjab,41,1,3
03-31-2020,22,Rajasthan,74,3,0
03-31-2020,23,Tamil Nadu,74,4,1
03-31-2020,24,Telengana,79,1,1
03-31-2020,25,Uttarakhand,7,2,0
03-31-2020,26,Uttar Pradesh,101,14,0
03-31-2020,27,West Bengal,26,0,2
04-02-2020,1,Andhra Pradesh,86,1,1
04-02-2020,2,Andaman and Nicobar Islands,10,0,0
04-02-2020,3,Assam,5,0,0
04-02-2020,4,Bihar,24,0,1
04-02-2020,5,Chandigarh,16,0,0
04-02-2020,6,Chhattisgarh,9,2,0
04-02-2020,7,Delhi,219,8,4
04-02-2020,8,Goa,5,0,0
04-02-2020,9,Gujarat,87,8,7
04-02-2020,10,Haryana,43,21,0
04-02-2020,11,Himachal Pradesh,3,1,1
04-02-2020,12,Jammu and Kashmir,62,2,2
04-02-2020,13,Jharkhand,1,0,0
04-02-2020,14,Karnataka,110,9,3
04-02-2020,15,Kerala,265,25,2
04-02-2020,16,Ladakh,13,3,0
04-02-2020,17,Madhya Pradesh,99,0,6
04-02-2020,18,Maharashtra,335,42,13
04-02-2020,19,Manipur,1,0,0
04-02-2020,20,Mizoram,1,0,0
04-02-2020,21,Odisha,4,0,0
04-02-2020,22,Puducherry,3,1,0
04-02-2020,23,Punjab,46,1,4
04-02-2020,24,Rajasthan,108,3,0
04-02-2020,25,Tamil Nadu,234,6,1
04-02-2020,26,Telengana,107,1,3
04-02-2020,27,Uttarakhand,7,2,0
04-02-2020,28,Uttar Pradesh,113,14,2
04-02-2020,29,West Bengal,53,6,3
04-03-2020,1,Andhra Pradesh,132,1,1
04-03-2020,2,Andaman and Nicobar Islands,10,0,0
04-03-2020,3,Arunachal Pradesh,1,0,0
04-03-2020,4,Assam,16,0,0
04-03-2020,5,Bihar,29,0,1
04-03-2020,6,Chandigarh,18,0,0
04-03-2020,7,Chhattisgarh,9,3,0
04-03-2020,8,Delhi,219,8,4
04-03-2020,9,Goa,6,0,0
04-03-2020,10,Gujarat,95,10,8
04-03-2020,11,Haryana,49,24,0
04-03-2020,12,Himachal Pradesh,6,1,1
04-03-2020,13,Jammu and Kashmir,75,3,2
04-03-2020,14,Jharkhand,2,0,0
04-03-2020,15,Karnataka,124,10,3
04-03-2020,16,Kerala,286,27,2
04-03-2020,17,Ladakh,14,3,0
04-03-2020,18,Madhya Pradesh,104,0,6
04-03-2020,19,Maharashtra,335,42,16
04-03-2020,20,Manipur,2,0,0
04-03-2020,21,Mizoram,1,0,0
04-03-2020,22,Odisha,5,0,0
04-03-2020,23,Puducherry,5,1,0
04-03-2020,24,Punjab,48,1,5
04-03-2020,25,Rajasthan,167,3,0
04-03-2020,26,Tamil Nadu,309,6,1
04-03-2020,27,Telengana,158,1,7
04-03-2020,28,Uttarakhand,10,2,0
04-03-2020,28,Uttar Pradesh,172,14,2
04-03-2020,29,West Bengal,63,3,3
04-04-2020,1,Andhra Pradesh,161,1,1
04-04-2020,2,Andaman and Nicobar Islands,10,0,0
04-04-2020,3,Arunachal Pradesh,1,0,0
04-04-2020,4,Assam,24,0,0
04-04-2020,5,Bihar,30,0,1
04-04-2020,6,Chandigarh,18,0,0
04-04-2020,7,Chhattisgarh,9,3,0
04-04-2020,8,Delhi,445,15,6
04-04-2020,9,Goa,7,0,0
04-04-2020,10,Gujarat,105,14,10
04-04-2020,11,Haryana,49,24,0
04-04-2020,12,Himachal Pradesh,6,1,1
04-04-2020,13,Jammu and Kashmir,92,4,2
04-04-2020,14,Jharkhand,2,0,0
04-04-2020,15,Karnataka,144,12,4
04-04-2020,16,Kerala,306,49,2
04-04-2020,17,Ladakh,14,10,0
04-04-2020,18,Madhya Pradesh,104,0,6
04-04-2020,19,Maharashtra,490,42,24
04-04-2020,20,Manipur,2,0,0
04-04-2020,21,Mizoram,1,0,0
04-04-2020,22,Odisha,20,0,0
04-04-2020,23,Puducherry,5,1,0
04-04-2020,24,Punjab,57,1,5
04-04-2020,25,Rajasthan,200,21,0
04-04-2020,26,Tamil Nadu,485,6,3
04-04-2020,27,Telengana,269,32,7
04-04-2020,28,Uttarakhand,22,2,0
04-04-2020,28,Uttar Pradesh,227,19,2
04-04-2020,29,West Bengal,69,10,3
04-05-2020,1,Andhra Pradesh,190,1,1
04-05-2020,2,Andaman and Nicobar Islands,10,0,0
04-05-2020,3,Arunachal Pradesh,1,0,0
04-05-2020,4,Assam,26,0,0
04-05-2020,5,Bihar,30,0,1
04-05-2020,6,Chandigarh,18,0,0
04-05-2020,7,Chhattisgarh,9,3,0
04-05-2020,8,Delhi,503,18,7
04-05-2020,9,Goa,7,0,0
04-05-2020,10,Gujarat,122,18,11
04-05-2020,11,Haryana,59,25,1
04-05-2020,12,Himachal Pradesh,6,1,1
04-05-2020,13,Jammu and Kashmir,106,4,2
04-05-2020,14,Jharkhand,3,0,0
04-05-2020,15,Karnataka,144,12,4
04-05-2020,16,Kerala,306,49,2
04-05-2020,17,Ladakh,14,10,0
04-05-2020,18,Madhya Pradesh,165,0,9
04-05-2020,19,Maharashtra,490,42,24
04-05-2020,20,Manipur,2,0,0
04-05-2020,21,Mizoram,1,0,0
04-05-2020,22,Odisha,20,0,0
04-05-2020,23,Puducherry,5,1,0
04-05-2020,24,Punjab,57,1,5
04-05-2020,25,Rajasthan,200,21,0
04-05-2020,26,Tamil Nadu,485,6,3
04-05-2020,27,Telengana,269,32,7
04-05-2020,28,Uttarakhand,22,2,0
04-05-2020,29,Uttar Pradesh,227,19,2
04-05-2020,30,West Bengal,80,10,3
04-06-2020,1,Andhra Pradesh,266,1,3
04-06-2020,2,Andaman and Nicobar Islands,10,0,0
04-06-2020,3,Arunachal Pradesh,1,0,0
04-06-2020,4,Assam,26,0,0
04-06-2020,5,Bihar,32,0,1
04-06-2020,6,Chandigarh,18,0,0
04-06-2020,7,Chhattisgarh,10,8,0
04-06-2020,8,Delhi,523,19,7
04-06-2020,9,Goa,7,0,0
04-06-2020,10,Gujarat,144,22,12
04-06-2020,11,Haryana,90,25,1
04-06-2020,12,Himachal Pradesh,13,2,1
04-06-2020,13,Jammu and Kashmir,109,4,2
04-06-2020,14,Jharkhand,4,0,0
04-06-2020,15,Karnataka,151,12,4
04-06-2020,16,Kerala,327,58,2
04-06-2020,17,Ladakh,14,10,0
04-06-2020,18,Madhya Pradesh,165,0,9
04-06-2020,19,Maharashtra,748,56,45
04-06-2020,20,Manipur,2,0,0
04-06-2020,21,Mizoram,1,0,0
04-06-2020,22,Odisha,21,2,0
04-06-2020,23,Puducherry,5,1,0
04-06-2020,24,Punjab,76,4,6
04-06-2020,25,Rajasthan,288,21,3
04-06-2020,26,Tamil Nadu,621,8,5
04-06-2020,27,Telengana,321,34,7
04-06-2020,28,Tripura,1,0,0
04-06-2020,29,Uttarakhand,31,5,0
04-06-2020,30,Uttar Pradesh,305,21,3
04-06-2020,31,West Bengal,91,13,3
04-07-2020,1,Andhra Pradesh,266,1,3
04-07-2020,2,Andaman and Nicobar Islands,10,0,0
04-07-2020,3,Arunachal Pradesh,1,0,0
04-07-2020,4,Assam,26,0,0
04-07-2020,5,Bihar,32,0,1
04-07-2020,6,Chandigarh,18,7,0
04-07-2020,7,Chhattisgarh,10,9,0
04-07-2020,8,Delhi,576,21,7
04-07-2020,9,Goa,7,0,0
04-07-2020,10,Gujarat,165,25,13
04-07-2020,11,Haryana,90,25,1
04-07-2020,12,Himachal Pradesh,13,2,1
04-07-2020,13,Jammu and Kashmir,116,4,2
04-07-2020,14,Jharkhand,4,0,0
04-07-2020,15,Karnataka,175,25,4
04-07-2020,16,Kerala,327,58,2
04-07-2020,17,Ladakh,14,10,0
04-07-2020,18,Madhya Pradesh,229,0,13
04-07-2020,19,Maharashtra,868,56,48
04-07-2020,20,Manipur,2,0,0
04-07-2020,21,Mizoram,1,0,0
04-07-2020,22,Odisha,42,2,1
04-07-2020,23,Puducherry,5,1,0
04-07-2020,24,Punjab,91,4,7
04-07-2020,25,Rajasthan,288,21,3
04-07-2020,26,Tamil Nadu,621,8,5
04-07-2020,27,Telengana,364,35,7
04-07-2020,28,Tripura,1,0,0
04-07-2020,29,Uttarakhand,31,5,0
04-07-2020,30,Uttar Pradesh,305,21,3
04-07-2020,31,West Bengal,91,13,3
04-08-2020,1,Andhra Pradesh,305,5,4
04-08-2020,2,Andaman and Nicobar Islands,10,0,0
04-08-2020,3,Arunachal Pradesh,1,0,0
04-08-2020,4,Assam,27,0,0
04-08-2020,5,Bihar,38,0,1
04-08-2020,6,Chandigarh,18,7,0
04-08-2020,7,Chhattisgarh,10,9,0
04-08-2020,8,Delhi,576,21,9
04-08-2020,9,Goa,7,0,0
04-08-2020,10,Gujarat,165,25,13
04-08-2020,11,Haryana,147,28,3
04-08-2020,12,Himachal Pradesh,18,2,1
04-08-2020,13,Jammu and Kashmir,116,4,2
04-08-2020,14,Jharkhand,4,0,0
04-08-2020,15,Karnataka,175,25,4
04-08-2020,16,Kerala,336,70,2
04-08-2020,17,Ladakh,14,10,0
04-08-2020,18,Madhya Pradesh,229,0,13
04-08-2020,19,Maharashtra,1018,79,64
04-08-2020,20,Manipur,2,0,0
04-08-2020,21,Mizoram,1,0,0
04-08-2020,22,Odisha,42,2,1
04-08-2020,23,Puducherry,5,1,0
04-08-2020,24,Punjab,91,4,7
04-08-2020,25,Rajasthan,328,21,3
04-08-2020,26,Tamil Nadu,690,19,7
04-08-2020,27,Telengana,427,35,7
04-08-2020,28,Tripura,1,0,0
04-08-2020,29,Uttarakhand,31,5,0
04-08-2020,30,Uttar Pradesh,343,26,3
04-08-2020,31,West Bengal,99,13,5
04-09-2020,1,Andhra Pradesh,348,6,4
04-09-2020,2,Andaman and Nicobar Islands,11,0,0
04-09-2020,3,Arunachal Pradesh,1,0,0
04-09-2020,4,Assam,28,0,0
04-09-2020,5,Bihar,39,0,1
04-09-2020,6,Chandigarh,18,7,0
04-09-2020,7,Chhattisgarh,10,9,0
04-09-2020,8,Delhi,669,21,9
04-09-2020,9,Goa,7,0,0
04-09-2020,10,Gujarat,179,25,16
04-09-2020,11,Haryana,169,29,3
04-09-2020,12,Himachal Pradesh,18,2,1
04-09-2020,13,Jammu and Kashmir,158,4,4
04-09-2020,14,Jharkhand,13,0,0
04-09-2020,15,Karnataka,181,28,5
04-09-2020,16,Kerala,345,83,2
04-09-2020,17,Ladakh,14,10,0
04-09-2020,18,Madhya Pradesh,259,0,16
04-09-2020,19,Maharashtra,1135,117,72
04-09-2020,20,Manipur,2,1,0
04-09-2020,21,Mizoram,1,0,0
04-09-2020,22,Odisha,42,2,1
04-09-2020,23,Puducherry,5,1,0
04-09-2020,24,Punjab,101,4,8
04-09-2020,25,Rajasthan,383,21,3
04-09-2020,26,Tamil Nadu,738,21,8
04-09-2020,27,Telengana,442,35,7
04-09-2020,28,Tripura,1,0,0
04-09-2020,29,Uttarakhand,35,5,0
04-09-2020,30,Uttar Pradesh,410,31,4
04-09-2020,31,West Bengal,103,16,5
04-10-2020,1,Andhra Pradesh,363,7,6
04-10-2020,2,Andaman and Nicobar Islands,11,0,0
04-10-2020,3,Arunachal Pradesh,1,0,0
04-10-2020,4,Assam,29,0,0
04-10-2020,5,Bihar,60,0,1
04-10-2020,6,Chandigarh,18,7,0
04-10-2020,7,Chhattisgarh,10,9,0
04-10-2020,8,Delhi,898,25,13
04-10-2020,9,Goa,7,1,0
04-10-2020,10,Gujarat,241,26,17
04-10-2020,11,Haryana,169,29,3
04-10-2020,12,Himachal Pradesh,28,6,1
04-10-2020,13,Jammu and Kashmir,184,6,4
04-10-2020,14,Jharkhand,13,0,1
04-10-2020,15,Karnataka,197,30,6
04-10-2020,16,Kerala,357,96,2
04-10-2020,17,Ladakh,15,10,0
04-10-2020,18,Madhya Pradesh,259,0,16
04-10-2020,19,Maharashtra,1364,125,97
04-10-2020,20,Manipur,2,1,0
04-10-2020,21,Mizoram,1,0,0
04-10-2020,22,Odisha,44,2,1
04-10-2020,23,Puducherry,5,1,0
04-10-2020,24,Punjab,132,5,11
04-10-2020,25,Rajasthan,463,21,3
04-10-2020,26,Tamil Nadu,834,21,8
04-10-2020,27,Telengana,473,35,7
04-10-2020,28,Tripura,1,0,0
04-10-2020,29,Uttarakhand,35,5,0
04-10-2020,30,Uttar Pradesh,431,32,4
04-10-2020,31,West Bengal,116,16,5
04-11-2020,1,Andhra Pradesh,381,11,6
04-11-2020,2,Andaman and Nicobar Islands,11,0,0
04-11-2020,3,Arunachal Pradesh,1,0,0
04-11-2020,4,Assam,29,0,1
04-11-2020,5,Bihar,60,0,1
04-11-2020,6,Chandigarh,18,7,0
04-11-2020,7,Chhattisgarh,18,9,0
04-11-2020,8,Delhi,903,25,14
04-11-2020,9,Goa,7,1,0
04-11-2020,10,Gujarat,308,31,19
04-11-2020,11,Haryana,177,29,3
04-11-2020,12,Himachal Pradesh,28,6,1
04-11-2020,13,Jammu and Kashmir,207,6,4
04-11-2020,14,Jharkhand,17,0,1
04-11-2020,15,Karnataka,214,37,6
04-11-2020,16,Kerala,364,123,2
04-11-2020,17,Ladakh,15,10,0
04-11-2020,18,Madhya Pradesh,443,0,33
04-11-2020,19,Maharashtra,1574,188,110
04-11-2020,20,Manipur,2,1,0
04-11-2020,21,Mizoram,1,0,0
04-11-2020,22,Odisha,48,2,1
04-11-2020,23,Puducherry,7,1,0
04-11-2020,24,Punjab,132,5,11
04-11-2020,25,Rajasthan,553,21,3
04-11-2020,26,Tamil Nadu,911,44,8
04-11-2020,27,Telengana,504,43,9
04-11-2020,28,Tripura,2,0,0
04-11-2020,29,Uttarakhand,35,5,0
04-11-2020,30,Uttar Pradesh,433,32,4
04-11-2020,31,West Bengal,126,16,5
04-13-2020,1,Andhra Pradesh,432,11,7
04-13-2020,2,Andaman and Nicobar Islands,11,10,0
04-13-2020,3,Arunachal Pradesh,1,0,0
04-13-2020,4,Assam,31,0,1
04-13-2020,5,Bihar,64,26,1
04-13-2020,6,Chandigarh,21,7,0
04-13-2020,7,Chhattisgarh,31,10,0
04-13-2020,8,Delhi,1154,27,24
04-13-2020,9,Goa,7,5,0
04-13-2020,10,Gujarat,539,47,26
04-13-2020,11,Haryana,185,29,3
04-13-2020,12,Himachal Pradesh,32,13,1
04-13-2020,13,Jammu and Kashmir,245,6,4
04-13-2020,14,Jharkhand,19,0,2
04-13-2020,15,Karnataka,247,59,6
04-13-2020,16,Kerala,376,179,3
04-13-2020,17,Ladakh,15,10,0
04-13-2020,18,Madhya Pradesh,604,44,43
04-13-2020,19,Maharashtra,1985,217,149
04-13-2020,20,Manipur,2,1,0
04-13-2020,21,Mizoram,1,0,0
04-13-2020,22,Nagaland,1,0,0
04-13-2020,23,Odisha,54,12,1
04-13-2020,24,Puducherry,7,1,0
04-13-2020,25,Punjab,167,14,11
04-13-2020,26,Rajasthan,812,21,3
04-13-2020,27,Tamil Nadu,1075,50,11
04-13-2020,28,Telengana,562,100,16
04-13-2020,29,Tripura,2,0,0
04-13-2020,30,Uttarakhand,35,5,0
04-13-2020,31,Uttar Pradesh,483,47,5
04-13-2020,32,West Bengal,152,29,7
04-14-2020,1,Andhra Pradesh,473,14,9
04-14-2020,2,Andaman and Nicobar Islands,11,10,0
04-14-2020,3,Arunachal Pradesh,1,0,0
04-14-2020,4,Assam,31,0,1
04-14-2020,5,Bihar,66,26,1
04-14-2020,6,Chandigarh,21,7,0
04-14-2020,7,Chhattisgarh,31,10,0
04-14-2020,8,Delhi,1510,30,28
04-14-2020,9,Goa,7,5,0
04-14-2020,10,Gujarat,617,55,26
04-14-2020,11,Haryana,199,34,3
04-14-2020,12,Himachal Pradesh,32,13,1
04-14-2020,13,Jammu and Kashmir,270,16,4
04-14-2020,14,Jharkhand,24,0,2
04-14-2020,15,Karnataka,258,65,9
04-14-2020,16,Kerala,379,198,3
04-14-2020,17,Ladakh,15,10,0
04-14-2020,18,Madhya Pradesh,730,51,50
04-14-2020,19,Maharashtra,2337,229,160
04-14-2020,20,Manipur,2,1,0
04-14-2020,21,Meghalaya,1,0,0
04-14-2020,22,Mizoram,1,0,0
04-14-2020,23,Nagaland,1,0,0
04-14-2020,24,Odisha,55,18,1
04-14-2020,25,Puducherry,7,1,0
04-14-2020,26,Punjab,176,14,12
04-14-2020,27,Rajasthan,879,133,3
04-14-2020,28,Tamil Nadu,1173,58,11
04-14-2020,29,Telengana,624,100,17
04-14-2020,30,Tripura,2,0,0
04-14-2020,31,Uttarakhand,35,7,0
04-14-2020,32,Uttar Pradesh,657,49,5
04-14-2020,32,West Bengal,190,36,7
04-15-2020,1,Andaman and Nicobar Islands,11,10,0
04-15-2020,2,Andhra Pradesh,503,16,9
04-15-2020,3,Arunachal Pradesh,1,0,0
04-15-2020,4,Assam,33,0,1
04-15-2020,5,Bihar,70,29,1
04-15-2020,6,Chandigarh,21,7,0
04-15-2020,7,Chhattisgarh,33,13,0
04-15-2020,8,Delhi,1561,30,30
04-15-2020,9,Goa,7,5,0
04-15-2020,10,Gujarat,695,59,30
04-15-2020,11,Haryana,199,34,3
04-15-2020,12,Himachal Pradesh,33,13,1
04-15-2020,13,Jammu and Kashmir,278,30,4
04-15-2020,14,Jharkhand,27,0,2
04-15-2020,15,Karnataka,277,75,11
04-15-2020,16,Kerala,387,211,3
04-15-2020,17,Ladakh,17,10,0
04-15-2020,18,Madhya Pradesh,987,64,53
04-15-2020,19,Maharashtra,2687,259,178
04-15-2020,20,Manipur,2,1,0
04-15-2020,21,Meghalaya,7,0,1
04-15-2020,22,Mizoram,1,0,0
04-15-2020,23,Nagaland#,0,0,0
04-15-2020,24,Odisha,60,18,1
04-15-2020,25,Puducherry,7,1,0
04-15-2020,26,Punjab,186,14,13
04-15-2020,27,Rajasthan,1005,147,3
04-15-2020,28,Tamil Nadu,1204,81,12
04-15-2020,29,Telengana,647,120,18
04-15-2020,30,Tripura,2,0,0
04-15-2020,31,Uttarakhand,37,9,0
04-15-2020,32,Uttar Pradesh,735,51,11
04-15-2020,32,West Bengal,213,37,7
04-16-2020,1,Andaman and Nicobar Islands,11,10,0
04-16-2020,2,Andhra Pradesh,534,20,14
04-16-2020,3,Arunachal Pradesh,1,0,0
04-16-2020,4,Assam,33,5,1
04-16-2020,5,Bihar,74,29,1
04-16-2020,6,Chandigarh,21,7,0
04-16-2020,7,Chhattisgarh,33,17,0
04-16-2020,8,Delhi,1578,42,32
04-16-2020,9,Goa,7,5,0
04-16-2020,10,Gujarat,871,64,36
04-16-2020,11,Haryana,205,43,3
04-16-2020,12,Himachal Pradesh,35,16,1
04-16-2020,13,Jammu and Kashmir,300,36,4
04-16-2020,14,Jharkhand,28,0,2
04-16-2020,15,Karnataka,315,82,13
04-16-2020,16,Kerala,388,218,3
04-16-2020,17,Ladakh,17,10,0
04-16-2020,18,Madhya Pradesh,1120,64,53
04-16-2020,19,Maharashtra,2919,295,187
04-16-2020,20,Manipur,2,1,0
04-16-2020,21,Meghalaya,7,0,1
04-16-2020,22,Mizoram,1,0,0
04-16-2020,23,Nagaland#,0,0,0
04-16-2020,24,Odisha,60,18,1
04-16-2020,25,Puducherry,7,1,0
04-16-2020,26,Punjab,186,27,13
04-16-2020,27,Rajasthan,1023,147,3
04-16-2020,28,Tamil Nadu,1242,118,14
04-16-2020,29,Telengana,698,120,18
04-16-2020,30,Tripura,2,1,0
04-16-2020,31,Uttarakhand,37,9,0
04-16-2020,32,Uttar Pradesh,773,68,13
04-16-2020,32,West Bengal,231,42,7
04-17-2020,1,Andaman and Nicobar Islands,11,10,0
04-17-2020,2,Andhra Pradesh,572,36,14
04-17-2020,3,Arunachal Pradesh,1,0,0
04-17-2020,4,Assam,35,5,1
04-17-2020,5,Bihar,83,37,1
04-17-2020,6,Chandigarh,21,9,0
04-17-2020,7,Chhattisgarh,36,23,0
04-17-2020,8,Delhi,1640,51,38
04-17-2020,9,Goa,7,6,0
04-17-2020,10,Gujarat,1021,74,38
04-17-2020,11,Haryana,205,43,3
04-17-2020,12,Himachal Pradesh,35,16,1
04-17-2020,13,Jammu and Kashmir,314,38,4
04-17-2020,14,Jharkhand,29,0,2
04-17-2020,15,Karnataka,353,82,13
04-17-2020,16,Kerala,395,245,3
04-17-2020,17,Ladakh,18,14,0
04-17-2020,18,Madhya Pradesh,1308,65,57
04-17-2020,19,Maharashtra,3205,300,194
04-17-2020,20,Manipur,2,1,0
04-17-2020,21,Meghalaya,9,0,1
04-17-2020,22,Mizoram,1,0,0
04-17-2020,23,Nagaland#,0,0,0
04-17-2020,24,Odisha,60,19,1
04-17-2020,25,Puducherry,7,1,0
04-17-2020,26,Punjab,186,27,13
04-17-2020,27,Rajasthan,1131,164,11
04-17-2020,28,Tamil Nadu,1267,180,15
04-17-2020,29,Telengana,743,186,18
04-17-2020,30,Tripura,2,1,0
04-17-2020,31,Uttarakhand,37,9,0
04-17-2020,32,Uttar Pradesh,846,74,14
04-17-2020,32,West Bengal,255,51,10
04-18-2020,1,Andaman and Nicobar Islands,12,11,0
04-18-2020,2,Andhra Pradesh,603,42,15
04-18-2020,3,Arunachal Pradesh,1,0,0
04-18-2020,4,Assam,35,9,1
04-18-2020,5,Bihar,85,37,2
04-18-2020,6,Chandigarh,21,9,0
04-18-2020,7,Chhattisgarh,36,24,0
04-18-2020,8,Delhi,1707,72,42
04-18-2020,9,Goa,7,6,0
04-18-2020,10,Gujarat,1272,88,48
04-18-2020,11,Haryana,225,43,3
04-18-2020,12,Himachal Pradesh,38,16,1
04-18-2020,13,Jammu and Kashmir,328,42,5
04-18-2020,14,Jharkhand,33,0,2
04-18-2020,15,Karnataka,371,92,13
04-18-2020,16,Kerala,396,255,3
04-18-2020,17,Ladakh,18,14,0
04-18-2020,18,Madhya Pradesh,1355,69,69
04-18-2020,19,Maharashtra,3323,331,201
04-18-2020,20,Manipur,2,1,0
04-18-2020,21,Meghalaya,11,0,1
04-18-2020,22,Mizoram,1,0,0
04-18-2020,23,Nagaland#,0,0,0
04-18-2020,24,Odisha,60,21,1
04-18-2020,25,Puducherry,7,3,0
04-18-2020,26,Punjab,202,27,13
04-18-2020,27,Rajasthan,1229,183,11
04-18-2020,28,Tamil Nadu,1323,283,15
04-18-2020,29,Telengana,791,186,18
04-18-2020,30,Tripura,2,1,0
04-18-2020,31,Uttarakhand,42,9,0
04-18-2020,32,Uttar Pradesh,969,86,14
04-18-2020,32,West Bengal,287,55,10
04-19-2020,1,Andaman and Nicobar Islands,14,11,0
04-19-2020,2,Andhra Pradesh,603,42,15
04-19-2020,3,Arunachal Pradesh,1,0,0
04-19-2020,4,Assam,35,12,1
04-19-2020,5,Bihar,86,37,2
04-19-2020,6,Chandigarh,23,10,0
04-19-2020,7,Chhattisgarh,36,24,0
04-19-2020,8,Delhi,1893,72,43
04-19-2020,9,Goa,7,6,0
04-19-2020,10,Gujarat,1604,94,58
04-19-2020,11,Haryana,233,87,3
04-19-2020,12,Himachal Pradesh,39,16,1
04-19-2020,13,Jammu and Kashmir,341,51,5
04-19-2020,14,Jharkhand,35,0,2
04-19-2020,15,Karnataka,384,104,14
04-19-2020,16,Kerala,400,257,3
04-19-2020,17,Ladakh,18,14,0
04-19-2020,18,Madhya Pradesh,1407,127,70
04-19-2020,19,Maharashtra,3651,365,211
04-19-2020,20,Manipur,2,1,0
04-19-2020,21,Meghalaya,11,0,1
04-19-2020,22,Mizoram,1,0,0
04-19-2020,23,Nagaland#,0,0,0
04-19-2020,24,Odisha,61,24,1
04-19-2020,25,Puducherry,7,3,0
04-19-2020,26,Punjab,219,31,16
04-19-2020,27,Rajasthan,1351,183,11
04-19-2020,28,Tamil Nadu,1372,365,15
04-19-2020,29,Telengana,844,186,18
04-19-2020,30,Tripura,2,1,0
04-19-2020,31,Uttarakhand,42,9,0
04-19-2020,32,Uttar Pradesh,1084,108,17
04-19-2020,32,West Bengal,310,62,12
04-20-2020,1,Andaman and Nicobar Islands,15,11,0
04-20-2020,2,Andhra Pradesh,722,92,20
04-20-2020,3,Arunachal Pradesh,1,0,0
04-20-2020,4,Assam,35,17,1
04-20-2020,5,Bihar,96,42,2
04-20-2020,6,Chandigarh,26,13,0
04-20-2020,7,Chhattisgarh,36,25,0
04-20-2020,8,Delhi,2003,290,45
04-20-2020,9,Goa,7,7,0
04-20-2020,10,Gujarat,1851,106,67
04-20-2020,11,Haryana,233,87,3
04-20-2020,12,Himachal Pradesh,39,16,1
04-20-2020,13,Jammu and Kashmir,350,56,5
04-20-2020,14,Jharkhand,42,0,2
04-20-2020,15,Karnataka,395,111,16
04-20-2020,16,Kerala,402,270,3
04-20-2020,17,Ladakh,18,14,0
04-20-2020,18,Madhya Pradesh,1485,127,74
04-20-2020,19,Maharashtra,4203,507,223
04-20-2020,20,Manipur,2,2,0
04-20-2020,21,Meghalaya,11,0,1
04-20-2020,22,Mizoram,1,0,0
04-20-2020,23,Nagaland,0,0,0
04-20-2020,24,Odisha,68,24,1
04-20-2020,25,Puducherry,7,3,0
04-20-2020,26,Punjab,219,31,16
04-20-2020,27,Rajasthan,1478,183,14
04-20-2020,28,Tamil Nadu,1477,411,15
04-20-2020,29,Telengana,873,190,21
04-20-2020,30,Tripura,2,1,0
04-20-2020,31,Uttarakhand,44,11,0
04-20-2020,32,Uttar Pradesh,1176,129,17
04-20-2020,32,West Bengal,339,66,12
04-21-2020,1,Andaman and Nicobar Islands,16,11,0
04-21-2020,2,Andhra Pradesh,757,96,22
04-21-2020,3,Arunachal Pradesh,1,1,0
04-21-2020,4,Assam,35,19,1
04-21-2020,5,Bihar,114,42,2
04-21-2020,6,Chandigarh,26,13,0
04-21-2020,7,Chhattisgarh,36,25,0
04-21-2020,8,Delhi,2081,431,47
04-21-2020,9,Goa,7,7,0
04-21-2020,10,Gujarat,2066,131,77
04-21-2020,11,Haryana,254,127,3
04-21-2020,12,Himachal Pradesh,39,16,1
04-21-2020,13,Jammu and Kashmir,368,71,5
04-21-2020,14,Jharkhand,46,0,2
04-21-2020,15,Karnataka,415,114,17
04-21-2020,16,Kerala,408,291,3
04-21-2020,17,Ladakh,18,14,0
04-21-2020,18,Madhya Pradesh,1540,127,76
04-21-2020,19,Maharashtra,4669,572,232
04-21-2020,20,Manipur,2,2,0
04-21-2020,21,Meghalaya,11,0,1
04-21-2020,22,Mizoram,1,0,0
04-21-2020,23,Nagaland,0,0,0
04-21-2020,24,Odisha,74,24,1
04-21-2020,25,Puducherry,7,3,0
04-21-2020,26,Punjab,245,39,16
04-21-2020,27,Rajasthan,1576,205,25
04-21-2020,28,Tamil Nadu,1520,457,17
04-21-2020,29,Telengana,919,190,23
04-21-2020,30,Tripura,2,1,0
04-21-2020,31,Uttarakhand,46,18,0
04-21-2020,32,Uttar Pradesh,1294,140,20
04-21-2020,33,West Bengal,392,73,12
04-22-2020,1,Andaman and Nicobar Islands,17,11,0
04-22-2020,2,Andhra Pradesh,813,120,24
04-22-2020,3,Arunachal Pradesh,1,1,0
04-22-2020,4,Assam,35,19,1
04-22-2020,5,Bihar,126,46,2
04-22-2020,6,Chandigarh,27,14,0
04-22-2020,7,Chhattisgarh,36,26,0
04-22-2020,8,Delhi,2156,611,47
04-22-2020,9,Goa,7,7,0
04-22-2020,10,Gujarat,2272,144,95
04-22-2020,11,Haryana,254,127,3
04-22-2020,12,Himachal Pradesh,39,16,1
04-22-2020,13,Jammu and Kashmir,380,81,5
04-22-2020,14,Jharkhand#,45,0,3
04-22-2020,15,Karnataka,425,129,17
04-22-2020,16,Kerala,427,323,3
04-22-2020,17,Ladakh,18,14,0
04-22-2020,18,Madhya Pradesh,1592,148,80
04-22-2020,19,Maharashtra,5221,722,251
04-22-2020,20,Manipur,2,2,0
04-22-2020,21,Meghalaya,12,0,1
04-22-2020,22,Mizoram,1,0,0
04-22-2020,23,Odisha,82,30,1
04-22-2020,24,Puducherry,7,3,0
04-22-2020,25,Punjab,251,49,16
04-22-2020,26,Rajasthan,1801,230,25
04-22-2020,27,Tamil Nadu,1596,635,18
04-22-2020,28,Telengana,945,194,23
04-22-2020,29,Tripura,2,1,0
04-22-2020,30,Uttarakhand,46,19,0
04-22-2020,31,Uttar Pradesh,1412,165,21
04-22-2020,32,West Bengal,423,73,15
04-23-2020,1,Andaman and Nicobar Islands,18,11,0
04-23-2020,2,Andhra Pradesh,895,141,27
04-23-2020,3,Arunachal Pradesh,1,1,0
04-23-2020,4,Assam,35,19,1
04-23-2020,5,Bihar,148,46,2
04-23-2020,6,Chandigarh,27,14,0
04-23-2020,7,Chhattisgarh,36,28,0
04-23-2020,8,Delhi,2248,724,48
04-23-2020,9,Goa,7,7,0
04-23-2020,10,Gujarat,2407,179,103
04-23-2020,11,Haryana,262,140,3
04-23-2020,12,Himachal Pradesh,40,18,1
04-23-2020,13,Jammu and Kashmir,407,92,5
04-23-2020,14,Jharkhand,49,8,3
04-23-2020,15,Karnataka,443,141,17
04-23-2020,16,Kerala,438,324,3
04-23-2020,17,Ladakh,18,14,0
04-23-2020,18,Madhya Pradesh,1695,148,81
04-23-2020,19,Maharashtra,5652,789,269
04-23-2020,20,Manipur,2,2,0
04-23-2020,21,Meghalaya,12,0,1
04-23-2020,22,Mizoram,1,0,0
04-23-2020,23,Odisha,83,32,1
04-23-2020,24,Puducherry,7,3,0
04-23-2020,25,Punjab,277,65,16
04-23-2020,26,Rajasthan,1890,230,27
04-23-2020,27,Tamil Nadu,1629,662,18
04-23-2020,28,Telengana,960,197,24
04-23-2020,29,Tripura,2,1,0
04-23-2020,30,Uttarakhand,46,23,0
04-23-2020,31,Uttar Pradesh,1509,187,21
04-23-2020,32,West Bengal,456,79,15
04-23-2020,1,Andaman and Nicobar Islands,18,11,0
04-23-2020,2,Andhra Pradesh,895,141,27
04-23-2020,3,Arunachal Pradesh,1,1,0
04-23-2020,4,Assam,35,19,1
04-23-2020,5,Bihar,148,46,2
04-23-2020,6,Chandigarh,27,14,0
04-23-2020,7,Chhattisgarh,36,28,0
04-23-2020,8,Delhi,2248,724,48
04-23-2020,9,Goa,7,7,0
04-23-2020,10,Gujarat,2407,179,103
04-23-2020,11,Haryana,262,140,3
04-23-2020,12,Himachal Pradesh,40,18,1
04-23-2020,13,Jammu and Kashmir,407,92,5
04-23-2020,14,Jharkhand,49,8,3
04-23-2020,15,Karnataka,443,141,17
04-23-2020,16,Kerala,438,324,3
04-23-2020,17,Ladakh,18,14,0
04-23-2020,18,Madhya Pradesh,1695,148,81
04-23-2020,19,Maharashtra,5652,789,269
04-23-2020,20,Manipur,2,2,0
04-23-2020,21,Meghalaya,12,0,1
04-23-2020,22,Mizoram,1,0,0
04-23-2020,23,Odisha,83,32,1
04-23-2020,24,Puducherry,7,3,0
04-23-2020,25,Punjab,277,65,16
04-23-2020,26,Rajasthan,1890,230,27
04-23-2020,27,Tamil Nadu,1629,662,18
04-23-2020,28,Telengana,960,197,24
04-23-2020,29,Tripura,2,1,0
04-23-2020,30,Uttarakhand,46,23,0
04-23-2020,31,Uttar Pradesh,1509,187,21
04-23-2020,32,West Bengal,456,79,15
04-24-2020,1,Andaman and Nicobar Islands,22,11,0
04-24-2020,2,Andhra Pradesh,955,145,29
04-24-2020,3,Arunachal Pradesh,1,1,0
04-24-2020,4,Assam,36,19,1
04-24-2020,5,Bihar,176,46,2
04-24-2020,6,Chandigarh,27,14,0
04-24-2020,7,Chhattisgarh,36,28,0
04-24-2020,8,Delhi,2376,808,50
04-24-2020,9,Goa,7,7,0
04-24-2020,10,Gujarat,2624,258,112
04-24-2020,11,Haryana,272,156,3
04-24-2020,12,Himachal Pradesh,40,18,1
04-24-2020,13,Jammu and Kashmir,427,92,5
04-24-2020,14,Jharkhand,55,8,3
04-24-2020,15,Karnataka,463,150,18
04-24-2020,16,Kerala,448,324,3
04-24-2020,17,Ladakh,18,14,0
04-24-2020,18,Madhya Pradesh,1852,203,83
04-24-2020,19,Maharashtra,6430,840,283
04-24-2020,20,Manipur,2,2,0
04-24-2020,21,Meghalaya,12,0,1
04-24-2020,22,Mizoram,1,0,0
04-24-2020,23,Odisha,90,33,1
04-24-2020,24,Puducherry,7,3,0
04-24-2020,25,Punjab,277,65,16
04-24-2020,26,Rajasthan,1964,230,27
04-24-2020,27,Tamil Nadu,1683,752,20
04-24-2020,28,Telengana,984,253,26
04-24-2020,29,Tripura,2,1,0
04-24-2020,30,Uttarakhand,47,24,0
04-24-2020,31,Uttar Pradesh,1604,206,24
04-24-2020,32,West Bengal,514,103,15
04-25-2020,1,Andaman and Nicobar Islands,27,11,0
04-25-2020,2,Andhra Pradesh,1061,171,31
04-25-2020,3,Arunachal Pradesh,1,1,0
04-25-2020,4,Assam,36,19,1
04-25-2020,5,Bihar,228,46,2
04-25-2020,6,Chandigarh,28,15,0
04-25-2020,7,Chhattisgarh,36,30,0
04-25-2020,8,Delhi,2514,857,53
04-25-2020,9,Goa,7,7,0
04-25-2020,10,Gujarat,2815,265,127
04-25-2020,11,Haryana,272,156,3
04-25-2020,12,Himachal Pradesh,40,18,1
04-25-2020,13,Jammu and Kashmir,454,109,5
04-25-2020,14,Jharkhand,59,9,3
04-25-2020,15,Karnataka,489,153,18
04-25-2020,16,Kerala,451,331,4
04-25-2020,17,Ladakh,20,14,0
04-25-2020,18,Madhya Pradesh,1952,210,92
04-25-2020,19,Maharashtra,6817,957,301
04-25-2020,20,Manipur,2,2,0
04-25-2020,21,Meghalaya,12,0,1
04-25-2020,22,Mizoram,1,0,0
04-25-2020,23,Odisha,94,33,1
04-25-2020,24,Puducherry,7,3,0
04-25-2020,25,Punjab,298,67,17
04-25-2020,26,Rajasthan,2034,230,27
04-25-2020,27,Tamil Nadu,1755,866,22
04-25-2020,28,Telengana,984,253,26
04-25-2020,29,Tripura,2,1,0
04-25-2020,30,Uttarakhand,48,25,0
04-25-2020,31,Uttar Pradesh,1778,248,26
04-25-2020,32,West Bengal,571,103,18
04-26-2020,1,Andaman and Nicobar Islands,33,11,0
04-26-2020,2,Andhra Pradesh,1097,231,31
04-26-2020,3,Arunachal Pradesh,1,1,0
04-26-2020,4,Assam,36,19,1
04-26-2020,5,Bihar,251,46,2
04-26-2020,6,Chandigarh,30,17,0
04-26-2020,7,Chhattisgarh,37,32,0
04-26-2020,8,Delhi,2625,869,54
04-26-2020,9,Goa,7,7,0
04-26-2020,10,Gujarat,3071,282,133
04-26-2020,11,Haryana,289,176,3
04-26-2020,12,Himachal Pradesh,40,22,1
04-26-2020,13,Jammu and Kashmir,494,112,6
04-26-2020,14,Jharkhand,67,13,3
04-26-2020,15,Karnataka,501,177,18
04-26-2020,16,Kerala,458,338,4
04-26-2020,17,Ladakh,20,14,0
04-26-2020,18,Madhya Pradesh,2096,210,99
04-26-2020,19,Maharashtra,7628,1076,323
04-26-2020,20,Manipur,2,2,0
04-26-2020,21,Meghalaya,12,0,1
04-26-2020,22,Mizoram,1,0,0
04-26-2020,23,Odisha,103,34,1
04-26-2020,24,Puducherry,7,3,0
04-26-2020,25,Punjab,298,67,17
04-26-2020,26,Rajasthan,2083,493,33
04-26-2020,27,Tamil Nadu,1821,960,23
04-26-2020,28,Telengana,991,280,26
04-26-2020,29,Tripura,2,2,0
04-26-2020,30,Uttarakhand,50,26,0
04-26-2020,31,Uttar Pradesh,1843,289,29
04-26-2020,32,West Bengal,611,105,18
04-27-2020,1,Andaman and Nicobar Islands,33,11,0
04-27-2020,2,Andhra Pradesh,1177,235,31
04-27-2020,3,Arunachal Pradesh,1,1,0
04-27-2020,4,Assam,36,27,1
04-27-2020,5,Bihar,277,56,2
04-27-2020,6,Chandigarh,30,17,0
04-27-2020,7,Chhattisgarh,37,32,0
04-27-2020,8,Delhi,2918,877,54
04-27-2020,9,Goa,7,7,0
04-27-2020,10,Gujarat,3301,313,151
04-27-2020,11,Haryana,289,176,3
04-27-2020,12,Himachal Pradesh,40,22,1
04-27-2020,13,Jammu and Kashmir,523,137,6
04-27-2020,14,Jharkhand,82,13,3
04-27-2020,15,Karnataka,511,188,20
04-27-2020,16,Kerala,469,342,4
04-27-2020,17,Ladakh,20,14,0
04-27-2020,18,Madhya Pradesh,2168,302,106
04-27-2020,19,Maharashtra,8068,1188,342
04-27-2020,20,Manipur,2,2,0
04-27-2020,21,Meghalaya,12,0,1
04-27-2020,22,Mizoram,1,0,0
04-27-2020,23,Odisha,108,35,1
04-27-2020,24,Puducherry,8,3,0
04-27-2020,25,Punjab,313,71,18
04-27-2020,26,Rajasthan,2185,518,41
04-27-2020,27,Tamil Nadu,1885,1020,24
04-27-2020,28,Telengana,1002,280,26
04-27-2020,29,Tripura,2,2,0
04-27-2020,30,Uttarakhand,51,33,0
04-27-2020,31,Uttar Pradesh,1955,335,31
04-27-2020,32,West Bengal,649,105,20
04-28-2020,1,Andaman and Nicobar Islands,33,11,0
04-28-2020,2,Andhra Pradesh,1259,258,31
04-28-2020,3,Arunachal Pradesh,1,1,0
04-28-2020,4,Assam,38,27,1
04-28-2020,5,Bihar,346,57,2
04-28-2020,6,Chandigarh,40,17,0
04-28-2020,7,Chhattisgarh,37,32,0
04-28-2020,8,Delhi,3108,877,54
04-28-2020,9,Goa,7,7,0
04-28-2020,10,Gujarat,3548,394,162
04-28-2020,11,Haryana,296,183,3
04-28-2020,12,Himachal Pradesh,40,22,1
04-28-2020,13,Jammu and Kashmir,546,164,7
04-28-2020,14,Jharkhand,103,17,3
04-28-2020,15,Karnataka,520,198,20
04-28-2020,16,Kerala,482,355,4
04-28-2020,17,Ladakh,22,16,0
04-28-2020,18,Madhya Pradesh,2368,361,113
04-28-2020,19,Maharashtra,8590,1282,369
04-28-2020,20,Manipur,2,2,0
04-28-2020,21,Meghalaya,12,0,1
04-28-2020,22,Mizoram,1,0,0
04-28-2020,23,Odisha,118,37,1
04-28-2020,24,Puducherry,8,3,0
04-28-2020,25,Punjab,313,71,18
04-28-2020,26,Rajasthan,2262,669,46
04-28-2020,27,Tamil Nadu,1937,1101,24
04-28-2020,28,Telengana,1004,321,26
04-28-2020,29,Tripura,2,2,0
04-28-2020,30,Uttarakhand,51,33,0
04-28-2020,31,Uttar Pradesh,2043,400,31
04-28-2020,32,West Bengal,697,109,20
04-29-2020,1,Andaman and Nicobar Islands,33,15,0
04-29-2020,2,Andhra Pradesh,1332,287,31
04-29-2020,3,Arunachal Pradesh,1,1,0
04-29-2020,4,Assam,38,27,1
04-29-2020,5,Bihar,383,64,2
04-29-2020,6,Chandigarh,56,17,0
04-29-2020,7,Chhattisgarh,38,34,0
04-29-2020,8,Delhi,3314,1078,54
04-29-2020,9,Goa,7,7,0
04-29-2020,10,Gujarat,3774,434,181
04-29-2020,11,Haryana,310,209,3
04-29-2020,12,Himachal Pradesh,40,25,1
04-29-2020,13,Jammu and Kashmir,565,176,8
04-29-2020,14,Jharkhand,105,19,3
04-29-2020,15,Karnataka,532,215,20
04-29-2020,16,Kerala,486,359,4
04-29-2020,17,Ladakh,22,16,0
04-29-2020,18,Madhya Pradesh#,2561,377,119#
04-29-2020,19,Maharashtra,9318,1388,400
04-29-2020,20,Manipur,2,2,0
04-29-2020,21,Meghalaya,12,0,1
04-29-2020,22,Mizoram,1,0,0
04-29-2020,23,Odisha,119,38,1
04-29-2020,24,Puducherry,8,3,0
04-29-2020,25,Punjab,322,71,19
04-29-2020,26,Rajasthan,2364,768,51
04-29-2020,27,Tamil Nadu,2058,1168,25
04-29-2020,28,Telengana,1012,367,26
04-29-2020,29,Tripura,2,2,0
04-29-2020,30,Uttarakhand,54,34,0
04-29-2020,31,Uttar Pradesh,2115,477,36
04-29-2020,32,West Bengal,725,119,22
04-30-2020,1,Andaman and Nicobar Islands,33,15,0
04-30-2020,2,Andhra Pradesh,1403,321,31
04-30-2020,3,Arunachal Pradesh,1,1,0
04-30-2020,4,Assam,42,29,1
04-30-2020,5,Bihar,403,65,2
04-30-2020,6,Chandigarh,56,17,0
04-30-2020,7,Chhattisgarh,38,36,0
04-30-2020,8,Delhi,3439,1092,56
04-30-2020,9,Goa,7,7,0
04-30-2020,10,Gujarat,4082,527,197
04-30-2020,11,Haryana,310,209,3
04-30-2020,12,Himachal Pradesh,40,25,1
04-30-2020,13,Jammu and Kashmir,581,192,8
04-30-2020,14,Jharkhand,107,19,3
04-30-2020,15,Karnataka,557,223,21
04-30-2020,16,Kerala,496,369,4
04-30-2020,17,Ladakh,22,16,0
04-30-2020,18,Madhya Pradesh,2660,461,130
04-30-2020,19,Maharashtra,9915,1593,432
04-30-2020,20,Manipur,2,2,0
04-30-2020,21,Meghalaya,12,0,1
04-30-2020,22,Mizoram,1,0,0
04-30-2020,23,Odisha,128,39,1
04-30-2020,24,Puducherry,8,5,0
04-30-2020,25,Punjab,357,90,19
04-30-2020,26,Rajasthan,2438,768,51
04-30-2020,27,Tamil Nadu,2162,1210,27
04-30-2020,28,Telengana,1012,367,26
04-30-2020,29,Tripura,2,2,0
04-30-2020,30,Uttarakhand,55,36,0
04-30-2020,31,Uttar Pradesh,2203,513,39
04-30-2020,32,West Bengal,758,124,22
05-01-2020,1,Andaman and Nicobar Islands,33,16,0
05-01-2020,2,Andhra Pradesh,1463,403,33
05-01-2020,3,Arunachal Pradesh,1,1,0
05-01-2020,4,Assam,42,29,1
05-01-2020,5,Bihar,426,82,2
05-01-2020,6,Chandigarh,56,17,0
05-01-2020,7,Chhattisgarh,40,36,0
05-01-2020,8,Delhi,3515,1094,59
05-01-2020,9,Goa,7,7,0
05-01-2020,10,Gujarat,4395,613,214
05-01-2020,11,Haryana,313,209,3
05-01-2020,12,Himachal Pradesh,40,28,1
05-01-2020,13,Jammu and Kashmir,614,216,8
05-01-2020,14,Jharkhand,111,20,3
05-01-2020,15,Karnataka,576,235,22
05-01-2020,16,Kerala,497,383,4
05-01-2020,17,Ladakh,22,16,0
05-01-2020,18,Madhya Pradesh,2719,482,137
05-01-2020,19,Maharashtra,10498,1773,459
05-01-2020,20,Manipur,2,2,0
05-01-2020,21,Meghalaya,12,0,1
05-01-2020,22,Mizoram,1,0,0
05-01-2020,23,Odisha,143,41,1
05-01-2020,24,Puducherry,8,5,0
05-01-2020,25,Punjab,357,90,19
05-01-2020,26,Rajasthan,2584,836,58
05-01-2020,27,Tamil Nadu,2323,1258,27
05-01-2020,28,Telengana,1039,441,26
05-01-2020,29,Tripura,2,2,0
05-01-2020,30,Uttarakhand,57,36,0
05-01-2020,31,Uttar Pradesh,2281,555,41
05-01-2020,32,West Bengal,795,139,33
05-02-2020,1,Andaman and Nicobar Islands,33,16,0
05-02-2020,2,Andhra Pradesh,1525,441,33
05-02-2020,3,Arunachal Pradesh,1,1,0
05-02-2020,4,Assam,43,32,1
05-02-2020,5,Bihar,471,98,3
05-02-2020,6,Chandigarh,88,17,0
05-02-2020,7,Chhattisgarh,43,36,0
05-02-2020,8,Delhi,3738,1167,61
05-02-2020,9,Goa,7,7,0
05-02-2020,10,Gujarat,4721,735,236
05-02-2020,11,Haryana,360,227,4
05-02-2020,12,Himachal Pradesh,40,30,1
05-02-2020,13,Jammu and Kashmir,639,247,8
05-02-2020,14,Jharkhand,111,20,3
05-02-2020,15,Karnataka,598,255,25
05-02-2020,16,Kerala,498,392,4
05-02-2020,17,Ladakh,22,17,0
05-02-2020,18,Madhya Pradesh,2719,524,145
05-02-2020,19,Maharashtra,11506,1879,485
05-02-2020,20,Manipur,2,2,0
05-02-2020,21,Meghalaya,12,0,1
05-02-2020,22,Mizoram,1,0,0
05-02-2020,23,Odisha,154,55,1
05-02-2020,24,Puducherry,8,5,0
05-02-2020,25,Punjab,772,112,20
05-02-2020,26,Rajasthan,2666,1116,62
05-02-2020,27,Tamil Nadu,2526,1312,28
05-02-2020,28,Telengana,1057,441,26
05-02-2020,29,Tripura,2,2,0
05-02-2020,30,Uttarakhand,58,37,0
05-02-2020,31,Uttar Pradesh,2455,656,43
05-02-2020,32,West Bengal,795,139,33
05-03-2020,1,Andaman and Nicobar Islands,33,17,0
05-03-2020,2,Andhra Pradesh,1583,488,33
05-03-2020,3,Arunachal Pradesh,1,1,0
05-03-2020,4,Assam,43,32,1
05-03-2020,5,Bihar,482,117,4
05-03-2020,6,Chandigarh,94,19,0
05-03-2020,7,Chhattisgarh,43,36,0
05-03-2020,8,Delhi,4122,1256,64
05-03-2020,9,Goa,7,7,0
05-03-2020,10,Gujarat,5055,896,262
05-03-2020,11,Haryana,394,227,4
05-03-2020,12,Himachal Pradesh,40,33,1
05-03-2020,13,Jammu and Kashmir,666,254,8
05-03-2020,14,Jharkhand,115,22,3
05-03-2020,15,Karnataka,606,282,25
05-03-2020,16,Kerala,500,400,4
05-03-2020,17,Ladakh,40,17,0
05-03-2020,18,Madhya Pradesh,2846,798,156
05-03-2020,19,Maharashtra,12296,2000,521
05-03-2020,20,Manipur,2,2,0
05-03-2020,21,Meghalaya,12,0,1
05-03-2020,22,Mizoram,1,0,0
05-03-2020,23,Odisha,160,56,1
05-03-2020,24,Puducherry,8,5,0
05-03-2020,25,Punjab,772,112,20
05-03-2020,26,Rajasthan,2772,1121,65
05-03-2020,27,Tamil Nadu,2757,1341,29
05-03-2020,28,Telengana,1063,458,28
05-03-2020,29,Tripura,4,2,0
05-03-2020,30,Uttarakhand,59,39,0
05-03-2020,31,Uttar Pradesh,2626,698,43
05-03-2020,32,West Bengal,922,151,33
05-04-2020,1,Andaman and Nicobar Islands,33,32,0
05-04-2020,2,Andhra Pradesh,1650,524,36
05-04-2020,3,Arunachal Pradesh,1,1,0
05-04-2020,4,Assam,43,32,1
05-04-2020,5,Bihar,517,125,4
05-04-2020,6,Chandigarh,94,19,0
05-04-2020,7,Chhattisgarh,57,36,0
05-04-2020,8,Delhi,4549,1362,64
05-04-2020,9,Goa,7,7,0
05-04-2020,10,Gujarat,5428,1042,290
05-04-2020,11,Haryana,442,245,5
05-04-2020,12,Himachal Pradesh,40,34,1
05-04-2020,13,Jammu and Kashmir,701,287,8
05-04-2020,14,Jharkhand,115,22,3
05-04-2020,15,Karnataka,642,304,26
05-04-2020,16,Kerala,500,401,4
05-04-2020,17,Ladakh,41,17,0
05-04-2020,18,Madhya Pradesh,2942,798,165
05-04-2020,19,Maharashtra,12974,2115,548
05-04-2020,20,Manipur,2,2,0
05-04-2020,21,Meghalaya,12,0,1
05-04-2020,22,Mizoram,1,0,0
05-04-2020,23,Odisha,163,60,1
05-04-2020,24,Puducherry,8,5,0
05-04-2020,25,Punjab,1102,117,21
05-04-2020,26,Rajasthan,2886,1356,71
05-04-2020,27,Tamil Nadu,3023,1379,30
05-04-2020,28,Telengana,1082,490,29
05-04-2020,29,Tripura,16,2,0
05-04-2020,30,Uttarakhand,60,39,1
05-04-2020,31,Uttar Pradesh,2742,758,45
05-04-2020,32,West Bengal,963,151,35
05-05-2020,1,Andaman and Nicobar Islands,33,32,0
05-05-2020,2,Andhra Pradesh,1717,589,36
05-05-2020,3,Arunachal Pradesh,1,1,0
05-05-2020,4,Assam,43,32,1
05-05-2020,5,Bihar,529,130,4
05-05-2020,6,Chandigarh,102,21,1
05-05-2020,7,Chhattisgarh,58,36,0
05-05-2020,8,Delhi,4898,1431,64
05-05-2020,9,Goa,7,7,0
05-05-2020,10,Gujarat,5804,1195,319
05-05-2020,11,Haryana,517,254,6
05-05-2020,12,Himachal Pradesh,41,38,1
05-05-2020,13,Jammu and Kashmir,726,303,8
05-05-2020,14,Jharkhand,115,27,3
05-05-2020,15,Karnataka,659,324,28
05-05-2020,16,Kerala,500,462,4
05-05-2020,17,Ladakh,41,17,0
05-05-2020,18,Madhya Pradesh,3049,1000,176
05-05-2020,19,Maharashtra,14541,2465,583
05-05-2020,20,Manipur,2,2,0
05-05-2020,21,Meghalaya,12,10,1
05-05-2020,22,Mizoram,1,0,0
05-05-2020,23,Odisha,170,60,1
05-05-2020,24,Puducherry,9,6,0
05-05-2020,25,Punjab,1233,128,23
05-05-2020,26,Rajasthan,3061,1394,77
05-05-2020,27,Tamil Nadu,3550,1409,31
05-05-2020,28,Telengana,1085,585,29
05-05-2020,29,Tripura,29,2,0
05-05-2020,30,Uttarakhand,60,39,1
05-05-2020,31,Uttar Pradesh,2859,944,53
05-05-2020,32,West Bengal,1259,218,133
05-06-2020,1,Andaman and Nicobar Islands,33,32,0
05-06-2020,2,Andhra Pradesh,1717,589,36
05-06-2020,3,Arunachal Pradesh,1,1,0
05-06-2020,4,Assam,43,32,1
05-06-2020,5,Bihar,536,142,4
05-06-2020,6,Chandigarh,111,21,1
05-06-2020,7,Chhattisgarh,59,36,0
05-06-2020,8,Dadar Nagar Haveli,1,0,0
05-06-2020,9,Delhi,5104,1468,64
05-06-2020,10,Goa,7,7,0
05-06-2020,11,Gujarat,6245,1381,368
05-06-2020,12,Haryana,548,256,6
05-06-2020,13,Himachal Pradesh,42,38,2
05-06-2020,14,Jammu and Kashmir,741,320,8
05-06-2020,15,Jharkhand,125,33,3
05-06-2020,16,Karnataka,671,331,29
05-06-2020,17,Kerala,502,462,4
05-06-2020,18,Ladakh,41,17,0
05-06-2020,19,Madhya Pradesh,3049,1000,176
05-06-2020,20,Maharashtra,15525,2819,617
05-06-2020,21,Manipur,2,2,0
05-06-2020,22,Meghalaya,12,10,1
05-06-2020,23,Mizoram,1,0,0
05-06-2020,24,Odisha,175,60,1
05-06-2020,25,Puducherry,9,6,0
05-06-2020,26,Punjab,1451,133,25
05-06-2020,27,Rajasthan,3158,1525,89
05-06-2020,28,Tamil Nadu,4058,1485,33
05-06-2020,29,Telengana,1096,585,29
05-06-2020,30,Tripura,43,2,0
05-06-2020,31,Uttarakhand,61,39,1
05-06-2020,32,Uttar Pradesh,2880,987,56
05-06-2020,33,West Bengal,1344,364,140
05-07-2020,1,Andaman and Nicobar Islands,33,32,0
05-07-2020,2,Andhra Pradesh,1777,729,36
05-07-2020,3,Arunachal Pradesh,1,1,0
05-07-2020,4,Assam,45,32,1
05-07-2020,5,Bihar,542,188,4
05-07-2020,6,Chandigarh,120,21,1
05-07-2020,7,Chhattisgarh,59,36,0
05-07-2020,8,Dadar Nagar Haveli,1,0,0
05-07-2020,9,Delhi,5532,1542,65
05-07-2020,10,Goa,7,7,0
05-07-2020,11,Gujarat,6625,1500,396
05-07-2020,12,Haryana,594,260,7
05-07-2020,13,Himachal Pradesh,45,38,2
05-07-2020,14,Jammu and Kashmir,775,322,8
05-07-2020,15,Jharkhand,127,37,3
05-07-2020,16,Karnataka,693,354,29
05-07-2020,17,Kerala,503,469,4
05-07-2020,18,Ladakh,41,17,0
05-07-2020,19,Madhya Pradesh,3138,1099,185
05-07-2020,20,Maharashtra,16758,3094,651
05-07-2020,21,Manipur,2,2,0
05-07-2020,22,Meghalaya,12,10,1
05-07-2020,23,Mizoram,1,0,0
05-07-2020,24,Odisha,185,61,2
05-07-2020,25,Puducherry,9,6,0
05-07-2020,26,Punjab,1516,135,27
05-07-2020,27,Rajasthan,3317,1596,92
05-07-2020,28,Tamil Nadu,4829,1516,35
05-07-2020,29,Telengana,1107,628,29
05-07-2020,30,Tripura,43,2,0
05-07-2020,31,Uttarakhand,61,39,1
05-07-2020,32,Uttar Pradesh,2998,1130,60
05-07-2020,33,West Bengal,1456,364,144
05-08-2020,1,Andaman and Nicobar Islands,33,33,0
05-08-2020,2,Andhra Pradesh,1847,780,38
05-08-2020,3,Arunachal Pradesh,1,1,0
05-08-2020,4,Assam,54,34,1
05-08-2020,5,Bihar,550,246,5
05-08-2020,6,Chandigarh,135,21,1
05-08-2020,7,Chhattisgarh,59,38,0
05-08-2020,8,Dadar Nagar Haveli,1,0,0
05-08-2020,9,Delhi,5980,1931,66
05-08-2020,10,Goa,7,7,0
05-08-2020,11,Gujarat,7012,1709,425
05-08-2020,12,Haryana,625,260,7
05-08-2020,13,Himachal Pradesh,46,38,2
05-08-2020,14,Jammu and Kashmir,793,335,9
05-08-2020,15,Jharkhand,132,41,3
05-08-2020,16,Karnataka,705,366,30
05-08-2020,17,Kerala,503,474,4
05-08-2020,18,Ladakh,42,17,0
05-08-2020,19,Madhya Pradesh,3252,1231,193
05-08-2020,20,Maharashtra,17974,3301,694
05-08-2020,21,Manipur,2,2,0
05-08-2020,22,Meghalaya,12,10,1
05-08-2020,23,Mizoram,1,0,0
05-08-2020,24,Odisha,219,62,2
05-08-2020,25,Puducherry,9,6,0
05-08-2020,26,Punjab,1644,149,28
05-08-2020,27,Rajasthan,3427,1596,97
05-08-2020,28,Tamil Nadu,5409,1547,37
05-08-2020,29,Telengana,1123,650,29
05-08-2020,30,Tripura,65,2,0
05-08-2020,31,Uttarakhand,61,39,1
05-08-2020,32,Uttar Pradesh,3071,1250,62
05-08-2020,33,West Bengal,1548,364,151
05-09-2020,1,Andaman and Nicobar Islands,33,33,0
05-09-2020,2,Andhra Pradesh,1887,842,41
05-09-2020,3,Arunachal Pradesh,1,1,0
05-09-2020,4,Assam,59,34,1
05-09-2020,5,Bihar,571,297,5
05-09-2020,6,Chandigarh,150,21,1
05-09-2020,7,Chhattisgarh,59,38,0
05-09-2020,8,Dadar Nagar Haveli,1,0,0
05-09-2020,9,Delhi,6318,2020,68
05-09-2020,10,Goa,7,7,0
05-09-2020,11,Gujarat,7402,1872,449
05-09-2020,12,Haryana,647,279,8
05-09-2020,13,Himachal Pradesh,50,38,2
05-09-2020,14,Jammu and Kashmir,823,364,9
05-09-2020,15,Jharkhand,132,52,3
05-09-2020,16,Karnataka,753,376,30
05-09-2020,17,Kerala,503,484,4
05-09-2020,18,Ladakh,42,17,0
05-09-2020,19,Madhya Pradesh,3341,1349,200
05-09-2020,20,Maharashtra,19063,3470,731
05-09-2020,21,Manipur,2,2,0
05-09-2020,22,Meghalaya,12,10,1
05-09-2020,23,Mizoram,1,0,0
05-09-2020,24,Odisha,271,63,2
05-09-2020,25,Puducherry,9,6,0
05-09-2020,26,Punjab,1731,152,29
05-09-2020,27,Rajasthan,3579,1916,101
05-09-2020,28,Tamil Nadu,6009,1605,40
05-09-2020,29,Telengana,1133,700,29
05-09-2020,30,Tripura,118,2,0
05-09-2020,31,Uttarakhand,63,46,1
05-09-2020,32,Uttar Pradesh,3214,1387,66
05-09-2020,33,West Bengal,1678,364,160
05-10-2020,1,Andaman and Nicobar Islands,33,33,0
05-10-2020,2,Andhra Pradesh,1930,887,44
05-10-2020,3,Arunachal Pradesh,1,1,0
05-10-2020,4,Assam,63,34,2
05-10-2020,5,Bihar,591,322,5
05-10-2020,6,Chandigarh,169,24,2
05-10-2020,7,Chhattisgarh,59,43,0
05-10-2020,8,Dadar Nagar Haveli,1,0,0
05-10-2020,9,Delhi,6542,2020,73
05-10-2020,10,Goa,7,7,0
05-10-2020,11,Gujarat,7796,2091,472
05-10-2020,12,Haryana,675,290,9
05-10-2020,13,Himachal Pradesh,50,38,2
05-10-2020,14,Jammu and Kashmir,836,368,9
05-10-2020,15,Jharkhand,156,78,3
05-10-2020,16,Karnataka,794,386,30
05-10-2020,17,Kerala,505,485,4
05-10-2020,18,Ladakh,42,17,0
05-10-2020,19,Madhya Pradesh,3614,1676,215
05-10-2020,20,Maharashtra,20228,3800,779
05-10-2020,21,Manipur,2,2,0
05-10-2020,22,Meghalaya,13,10,1
05-10-2020,23,Mizoram,1,1,0
05-10-2020,24,Odisha,294,63,2
05-10-2020,25,Puducherry,9,6,0
05-10-2020,26,Punjab,1762,157,31
05-10-2020,27,Rajasthan,3708,2026,106
05-10-2020,28,Tamil Nadu,6535,1824,44
05-10-2020,29,Telengana,1163,750,30
05-10-2020,30,Tripura,134,2,0
05-10-2020,31,Uttarakhand,67,46,1
05-10-2020,32,Uttar Pradesh,3373,1499,74
05-10-2020,33,West Bengal,1786,372,171
05-11-2020,1,Andaman and Nicobar Islands,33,33,0
05-11-2020,2,Andhra Pradesh,1980,925,45
05-11-2020,3,Arunachal Pradesh,1,1,0
05-11-2020,4,Assam,63,34,2
05-11-2020,5,Bihar,696,365,6
05-11-2020,6,Chandigarh,169,24,2
05-11-2020,7,Chhattisgarh,59,49,0
05-11-2020,8,Dadar Nagar Haveli,1,0,0
05-11-2020,9,Delhi,6923,2069,73
05-11-2020,10,Goa,7,7,0
05-11-2020,11,Gujarat,8194,2545,493
05-11-2020,12,Haryana,703,300,10
05-11-2020,13,Himachal Pradesh,55,39,2
05-11-2020,14,Jammu and Kashmir,861,383,9
05-11-2020,15,Jharkhand,157,78,3
05-11-2020,16,Karnataka,848,424,31
05-11-2020,17,Kerala,512,489,4
05-11-2020,18,Ladakh,42,21,0
05-11-2020,19,Madhya Pradesh,3614,1676,215
05-11-2020,20,Maharashtra,22171,4199,832
05-11-2020,21,Manipur,2,2,0
05-11-2020,22,Meghalaya,13,10,1
05-11-2020,23,Mizoram,1,1,0
05-11-2020,24,Odisha,377,68,3
05-11-2020,25,Puducherry,9,6,0
05-11-2020,26,Punjab,1823,166,31
05-11-2020,27,Rajasthan,3814,2176,107
05-11-2020,28,Tamil Nadu,7204,1959,47
05-11-2020,29,Telengana,1196,750,30
05-11-2020,30,Tripura,150,2,0
05-11-2020,31,Uttarakhand,68,46,1
05-11-2020,32,Uttar Pradesh,3467,1653,74
05-11-2020,33,West Bengal,1939,417,185
05-12-2020,1,Andaman and Nicobar Islands,33,33,0
05-12-2020,2,Andhra Pradesh,2018,975,45
05-12-2020,3,Arunachal Pradesh,1,1,0
05-12-2020,4,Assam,65,34,2
05-12-2020,5,Bihar,747,377,6
05-12-2020,6,Chandigarh,174,24,2
05-12-2020,7,Chhattisgarh,59,53,0
05-12-2020,8,Dadar Nagar Haveli,1,0,0
05-12-2020,9,Delhi,7233,2129,73
05-12-2020,10,Goa,7,7,0
05-12-2020,11,Gujarat,8541,2780,513
05-12-2020,12,Haryana,730,337,11
05-12-2020,13,Himachal Pradesh,59,39,2
05-12-2020,14,Jammu and Kashmir,879,427,10
05-12-2020,15,Jharkhand,160,78,3
05-12-2020,16,Karnataka,862,426,31
05-12-2020,17,Kerala,519,489,4
05-12-2020,18,Ladakh,42,21,0
05-12-2020,19,Madhya Pradesh,3785,1747,221
05-12-2020,20,Maharashtra,23401,4786,868
05-12-2020,21,Manipur,2,2,0
05-12-2020,22,Meghalaya,13,10,1
05-12-2020,23,Mizoram,1,1,0
05-12-2020,24,Odisha,414,85,3
05-12-2020,25,Puducherry,12,6,0
05-12-2020,26,Punjab,1877,168,31
05-12-2020,27,Rajasthan,3988,2264,113
05-12-2020,28,Tamil Nadu,8002,2051,53
05-12-2020,29,Telengana,1275,800,30
05-12-2020,30,Tripura,152,2,0
05-12-2020,31,Uttarakhand,68,46,1
05-12-2020,32,Uttar Pradesh,3573,1758,80
05-12-2020,33,West Bengal,2063,499,190
05-13-2020,1,Andaman and Nicobar Islands,33,33,0
05-13-2020,2,Andhra Pradesh,2090,1056,46
05-13-2020,3,Arunachal Pradesh,1,1,0
05-13-2020,4,Assam,65,39,2
05-13-2020,5,Bihar,831,383,6
05-13-2020,6,Chandigarh,187,28,3
05-13-2020,7,Chhattisgarh,59,54,0
05-13-2020,8,Dadar Nagar Haveli,1,0,0
05-13-2020,9,Delhi,7639,2512,86
05-13-2020,10,Goa,7,7,0
05-13-2020,11,Gujarat,8903,3246,537
05-13-2020,12,Haryana,780,342,11
05-13-2020,13,Himachal Pradesh,65,39,2
05-13-2020,14,Jammu and Kashmir,934,455,10
05-13-2020,15,Jharkhand,172,79,3
05-13-2020,16,Karnataka,925,433,31
05-13-2020,17,Kerala,524,489,4
05-13-2020,18,Ladakh,42,21,0
05-13-2020,19,Madhya Pradesh,3986,1860,225
05-13-2020,20,Maharashtra,24427,5125,921
05-13-2020,21,Manipur,2,2,0
05-13-2020,22,Meghalaya,13,10,1
05-13-2020,23,Mizoram,1,1,0
05-13-2020,24,Odisha,437,116,3
05-13-2020,25,Puducherry,13,9,1
05-13-2020,26,Punjab,1914,171,32
05-13-2020,27,Rajasthan,4126,2378,117
05-13-2020,28,Tamil Nadu,8718,2134,61
05-13-2020,29,Telengana,1326,830,32
05-13-2020,30,Tripura,154,2,0
05-13-2020,31,Uttarakhand,69,46,1
05-13-2020,32,Uttar Pradesh,3664,1873,82
05-13-2020,33,West Bengal,2173,612,198
05-14-2020,1,Andaman and Nicobar Islands,33,33,0
05-14-2020,2,Andhra Pradesh,2137,1142,47
05-14-2020,3,Arunachal Pradesh,1,1,0
05-14-2020,4,Assam,80,39,2
05-14-2020,5,Bihar,940,388,7
05-14-2020,6,Chandigarh,187,28,3
05-14-2020,7,Chhattisgarh,59,55,0
05-14-2020,8,Dadar Nagar Haveli,1,0,0
05-14-2020,9,Delhi,7998,2858,106
05-14-2020,10,Goa,7,7,0
05-14-2020,11,Gujarat,9267,3562,566
05-14-2020,12,Haryana,793,418,11
05-14-2020,13,Himachal Pradesh,66,39,2
05-14-2020,14,Jammu and Kashmir,971,466,11
05-14-2020,15,Jharkhand,173,79,3
05-14-2020,16,Karnataka,959,451,33
05-14-2020,17,Kerala,534,490,4
05-14-2020,18,Ladakh,43,22,0
05-14-2020,19,Madhya Pradesh,4173,2004,232
05-14-2020,20,Maharashtra,25922,5547,975
05-14-2020,21,Manipur,2,2,0
05-14-2020,22,Meghalaya,13,10,1
05-14-2020,23,Mizoram,1,1,0
05-14-2020,24,Odisha,538,143,3
05-14-2020,25,Puducherry,13,9,1
05-14-2020,26,Punjab,1924,200,32
05-14-2020,27,Rajasthan,4328,2459,121
05-14-2020,28,Tamil Nadu,9227,2176,64
05-14-2020,29,Telengana,1367,940,34
05-14-2020,30,Tripura,155,16,0
05-14-2020,31,Uttarakhand,72,46,1
05-14-2020,32,Uttar Pradesh,3729,1902,83
05-14-2020,33,West Bengal,2290,702,207
05-15-2020,1,Andaman and Nicobar Islands,33,33,0
05-15-2020,2,Andhra Pradesh,2205,1192,48
05-15-2020,3,Arunachal Pradesh,1,1,0
05-15-2020,4,Assam,87,39,2
05-15-2020,5,Bihar,994,411,7
05-15-2020,6,Chandigarh,191,37,3
05-15-2020,7,Chhattisgarh,60,56,0
05-15-2020,8,Dadar Nagar Haveli,1,0,0
05-15-2020,9,Delhi,8470,3045,115
05-15-2020,10,Goa,14,7,0
05-15-2020,11,Gujarat,9591,3753,586
05-15-2020,12,Haryana,818,439,11
05-15-2020,13,Himachal Pradesh,74,39,2
05-15-2020,14,Jammu and Kashmir,983,485,11
05-15-2020,15,Jharkhand,197,87,3
05-15-2020,16,Karnataka,987,460,35
05-15-2020,17,Kerala,560,491,4
05-15-2020,18,Ladakh,43,22,0
05-15-2020,19,Madhya Pradesh,4426,2171,237
05-15-2020,20,Maharashtra,27524,6059,1019
05-15-2020,21,Manipur,3,2,0
05-15-2020,22,Meghalaya,13,11,1
05-15-2020,23,Mizoram,1,1,0
05-15-2020,24,Odisha,611,158,3
05-15-2020,25,Puducherry,13,9,1
05-15-2020,26,Punjab,1935,223,32
05-15-2020,27,Rajasthan,4534,2580,125
05-15-2020,28,Tamil Nadu,9674,2240,66
05-15-2020,29,Telengana,1414,950,34
05-15-2020,30,Tripura,156,29,0
05-15-2020,31,Uttarakhand,78,50,1
05-15-2020,32,Uttar Pradesh,3902,2072,88
05-15-2020,33,West Bengal,2377,768,215
05-16-2020,1,Andaman and Nicobar Islands,33,33,0
05-16-2020,2,Andhra Pradesh,2307,1252,48
05-16-2020,3,Arunachal Pradesh,1,1,0
05-16-2020,4,Assam,90,41,2
05-16-2020,5,Bihar,1018,438,7
05-16-2020,6,Chandigarh,191,37,3
05-16-2020,7,Chhattisgarh,66,56,0
05-16-2020,8,Dadar Nagar Haveli,1,0,0
05-16-2020,9,Delhi,8895,3518,123
05-16-2020,10,Goa,15,7,0
05-16-2020,11,Gujarat,9931,4035,606
05-16-2020,12,Haryana,818,439,11
05-16-2020,13,Himachal Pradesh,76,39,3
05-16-2020,14,Jammu and Kashmir,1013,513,11
05-16-2020,15,Jharkhand,203,87,3
05-16-2020,16,Karnataka,1056,480,36
05-16-2020,17,Kerala,576,492,4
05-16-2020,18,Ladakh,43,22,0
05-16-2020,19,Madhya Pradesh,4595,2283,239
05-16-2020,20,Maharashtra,29100,6564,1068
05-16-2020,21,Manipur,3,2,0
05-16-2020,22,Meghalaya,13,11,1
05-16-2020,23,Mizoram,1,1,0
05-16-2020,24,Odisha,672,166,3
05-16-2020,25,Puducherry,13,9,1
05-16-2020,26,Punjab,1935,305,32
05-16-2020,27,Rajasthan,4727,2677,125
05-16-2020,28,Tamil Nadu,10108,2599,71
05-16-2020,29,Telengana,1454,959,34
05-16-2020,30,Tripura,156,42,0
05-16-2020,31,Uttarakhand,82,51,1
05-16-2020,32,Uttar Pradesh,4057,2165,95
05-16-2020,33,West Bengal,2461,829,225
"",Cases being reassigned to states,230,"",""
05-17-2020,1,Andaman and Nicobar Islands,33,33,0
05-17-2020,2,Andhra Pradesh,2355,1353,49
05-17-2020,3,Arunachal Pradesh,1,1,0
05-17-2020,4,Assam,92,41,2
05-17-2020,5,Bihar,1179,453,7
05-17-2020,6,Chandigarh,191,51,3
05-17-2020,7,Chhattisgarh,67,56,0
05-17-2020,8,Dadar Nagar Haveli,1,0,0
05-17-2020,9,Delhi,9333,3926,129
05-17-2020,10,Goa,17,7,0
05-17-2020,11,Gujarat,10988,4308,625
05-17-2020,12,Haryana,887,514,13
05-17-2020,13,Himachal Pradesh,78,43,3
05-17-2020,14,Jammu and Kashmir,1121,542,12
05-17-2020,15,Jharkhand,217,113,3
05-17-2020,16,Karnataka,1092,496,36
05-17-2020,17,Kerala,587,495,4
05-17-2020,18,Ladakh,43,22,0
05-17-2020,19,Madhya Pradesh,4789,2315,243
05-17-2020,20,Maharashtra,30706,7088,1135
05-17-2020,21,Manipur,7,2,0
05-17-2020,22,Meghalaya,13,11,1
05-17-2020,23,Mizoram,1,1,0
05-17-2020,24,Odisha,737,196,3
05-17-2020,25,Puducherry,13,9,1
05-17-2020,26,Punjab,1946,1257,32
05-17-2020,27,Rajasthan,4960,2839,126
05-17-2020,28,Tamil Nadu,10585,3538,74
05-17-2020,29,Telengana,1509,971,34
05-17-2020,30,Tripura,167,64,0
05-17-2020,31,Uttarakhand,88,51,1
05-17-2020,32,Uttar Pradesh,4258,2441,104
05-17-2020,33,West Bengal,2576,872,232
"",Cases being reassigned to states,290,"",""
05-18-2020,1,Andaman and Nicobar Islands,33,33,0
05-18-2020,2,Andhra Pradesh,2407,1456,50
05-18-2020,3,Arunachal Pradesh,1,1,0
05-18-2020,4,Assam,101,41,2
05-18-2020,5,Bihar,1262,475,8
05-18-2020,6,Chandigarh,191,51,3
05-18-2020,7,Chhattisgarh,86,59,0
05-18-2020,8,Dadar Nagar Haveli,1,0,0
05-18-2020,9,Delhi,10054,4485,160
05-18-2020,10,Goa,29,7,0
05-18-2020,11,Gujarat,11379,4499,659
05-18-2020,12,Haryana,910,562,14
05-18-2020,13,Himachal Pradesh,80,44,3
05-18-2020,14,Jammu and Kashmir,1183,575,13
05-18-2020,15,Jharkhand,223,113,3
05-18-2020,16,Karnataka,1147,509,37
05-18-2020,17,Kerala,601,497,4
05-18-2020,18,Ladakh,43,24,0
05-18-2020,19,Madhya Pradesh,4977,2403,248
05-18-2020,20,Maharashtra,33053,7688,1198
05-18-2020,21,Manipur,7,2,0
05-18-2020,22,Meghalaya,13,11,1
05-18-2020,23,Mizoram,1,1,0
05-18-2020,24,Odisha,828,220,4
05-18-2020,25,Puducherry,13,9,1
05-18-2020,26,Punjab,1964,1366,35
05-18-2020,27,Rajasthan,5202,2992,131
05-18-2020,28,Tamil Nadu,11224,4172,78
05-18-2020,29,Telengana,1551,992,34
05-18-2020,30,Tripura,167,85,0
05-18-2020,31,Uttarakhand,92,52,1
05-18-2020,32,Uttar Pradesh,4259,2441,104
05-18-2020,33,West Bengal,2677,959,238
"",Cases being reassigned to states,410,"",""
05-19-2020,1,Andaman and Nicobar Islands,33,33,0
05-19-2020,2,Andhra Pradesh,2474,1552,50
05-19-2020,3,Arunachal Pradesh,1,1,0
05-19-2020,4,Assam,107,41,2
05-19-2020,5,Bihar,1391,494,9
05-19-2020,6,Chandigarh,196,54,3
05-19-2020,7,Chhattisgarh,93,59,0
05-19-2020,8,Dadar Nagar Haveli,1,0,0
05-19-2020,9,Delhi,10054,4485,168
05-19-2020,10,Goa,38,7,0
05-19-2020,11,Gujarat,11745,4804,694
05-19-2020,12,Haryana,928,598,14
05-19-2020,13,Himachal Pradesh,90,44,3
05-19-2020,14,Jammu and Kashmir,1289,609,15
05-19-2020,15,Jharkhand,223,113,3
05-19-2020,16,Karnataka,1246,530,37
05-19-2020,17,Kerala,630,497,4
05-19-2020,18,Ladakh,43,41,0
05-19-2020,19,Madhya Pradesh,5236,2435,252
05-19-2020,20,Maharashtra,35058,8437,1249
05-19-2020,21,Manipur,7,2,0
05-19-2020,22,Meghalaya,13,11,1
05-19-2020,23,Mizoram,1,1,0
05-19-2020,24,Odisha,876,220,4
05-19-2020,25,Puducherry,18,9,1
05-19-2020,26,Punjab,1980,1547,37
05-19-2020,27,Rajasthan,5507,3218,138
05-19-2020,28,Tamil Nadu,11760,4406,81
05-19-2020,29,Telengana,1597,1000,35
05-19-2020,30,Tripura,167,85,0
05-19-2020,31,Uttarakhand,93,52,1
05-19-2020,32,Uttar Pradesh,4605,2783,118
05-19-2020,33,West Bengal,2825,1006,244
"",Cases being reassigned to states,814,"",""
05-20-2020,1,Andaman and Nicobar Islands,33,33,0
05-20-2020,2,Andhra Pradesh,2532,1621,52
05-20-2020,3,Arunachal Pradesh,1,1,0
05-20-2020,4,Assam,142,41,4
05-20-2020,5,Bihar,1498,534,9
05-20-2020,6,Chandigarh,200,57,3
05-20-2020,7,Chhattisgarh,101,59,0
05-20-2020,8,Dadar Nagar Haveli,1,0,0
05-20-2020,9,Delhi,10554,4750,168
05-20-2020,10,Goa,46,7,0
05-20-2020,11,Gujarat,12140,5043,719
05-20-2020,12,Haryana,964,627,14
05-20-2020,13,Himachal Pradesh,92,47,3
05-20-2020,14,Jammu and Kashmir,1317,653,17
05-20-2020,15,Jharkhand,231,127,3
05-20-2020,16,Karnataka,1397,544,40
05-20-2020,17,Kerala,642,497,4
05-20-2020,18,Ladakh,43,43,0
05-20-2020,19,Madhya Pradesh,5465,2630,258
05-20-2020,20,Maharashtra,37136,9639,1325
05-20-2020,21,Manipur,9,2,0
05-20-2020,22,Meghalaya,13,12,1
05-20-2020,23,Mizoram,1,1,0
05-20-2020,24,Odisha,978,277,5
05-20-2020,25,Puducherry,18,9,1
05-20-2020,26,Punjab,2002,1642,38
05-20-2020,27,Rajasthan,5845,3337,143
05-20-2020,28,Tamil Nadu,12448,4895,84
05-20-2020,29,Telengana,1634,1010,38
05-20-2020,30,Tripura,173,116,0
05-20-2020,31,Uttarakhand,111,52,1
05-20-2020,32,Uttar Pradesh,4926,2918,123
05-20-2020,33,West Bengal,2961,1074,250
"",Cases being reassigned to states,1096,"",""
"",Total#,106750,42298,3303
05-21-2020,1,Andaman and Nicobar Islands,33,33,0
05-21-2020,2,Andhra Pradesh,2602,1640,53
05-21-2020,3,Arunachal Pradesh,1,1,0
05-21-2020,4,Assam,170,48,4
05-21-2020,5,Bihar,1674,571,10
05-21-2020,6,Chandigarh,202,57,3
05-21-2020,7,Chhattisgarh,115,59,0
05-21-2020,8,Dadar Nagar Haveli,1,0,0
05-21-2020,9,Delhi,11088,5192,176
05-21-2020,10,Goa,50,7,0
05-21-2020,11,Gujarat,12537,5219,749
05-21-2020,12,Haryana,993,648,14
05-21-2020,13,Himachal Pradesh,110,54,3
05-21-2020,14,Jammu and Kashmir,1390,678,18
05-21-2020,15,Jharkhand,231,127,3
05-21-2020,16,Karnataka,1462,556,41
05-21-2020,17,Kerala,666,502,4
05-21-2020,18,Ladakh,44,43,0
05-21-2020,19,Madhya Pradesh,5735,2733,267
05-21-2020,20,Maharashtra,39297,10318,1390
05-21-2020,21,Manipur,25,2,0
05-21-2020,22,Meghalaya,14,12,1
05-21-2020,23,Mizoram,1,1,0
05-21-2020,24,Odisha,1052,307,6
05-21-2020,25,Puducherry,18,9,0#
05-21-2020,26,Punjab,2005,1794,38
05-21-2020,27,Rajasthan,6015,3404,147
05-21-2020,28,Tamil Nadu,13191,5882,87
05-21-2020,29,Telengana,1661,1015,40
05-21-2020,30,Tripura,173,133,0
05-21-2020,31,Uttarakhand,122,53,1
05-21-2020,32,Uttar Pradesh,5175,3066,127
05-21-2020,33,West Bengal,3103,1136,253
"",Cases being reassigned to states,1403,"",""
"",Total#,112359,45300,3435
05-22-2020,1,Andaman and Nicobar Islands,33,33,0
05-22-2020,2,Andhra Pradesh,2647,1709,53
05-22-2020,3,Arunachal Pradesh,1,1,0
05-22-2020,4,Assam,203,54,4
05-22-2020,5,Bihar,1982,593,11
05-22-2020,6,Chandigarh,217,139,3
05-22-2020,7,Chhattisgarh,128,59,0
05-22-2020,8,Dadar Nagar Haveli,1,0,0
05-22-2020,9,Delhi,11659,5567,194
05-22-2020,10,Goa,52,7,0
05-22-2020,11,Gujarat,12905,5488,773
05-22-2020,12,Haryana,1031,681,15
05-22-2020,13,Himachal Pradesh,152,59,3
05-22-2020,14,Jammu and Kashmir,1449,684,20
05-22-2020,15,Jharkhand,290,129,3
05-22-2020,16,Karnataka,1605,571,41
05-22-2020,17,Kerala,690,510,4
05-22-2020,18,Ladakh,44,43,0
05-22-2020,19,Madhya Pradesh,5981,2843,270
05-22-2020,20,Maharashtra,41642,11726,1454
05-22-2020,21,Manipur,25,2,0
05-22-2020,22,Meghalaya,14,12,1
05-22-2020,23,Mizoram,1,1,0
05-22-2020,24,Odisha,1103,393,7
05-22-2020,25,Puducherry,20,10,0#
05-22-2020,26,Punjab,2028,1819,39
05-22-2020,27,Rajasthan,6227,3485,151
05-22-2020,28,Tamil Nadu,13967,6282,94
05-22-2020,29,Telengana,1699,1035,45
05-22-2020,30,Tripura,173,148,0
05-22-2020,31,Uttarakhand,146,54,1
05-22-2020,32,Uttar Pradesh,5515,3204,138
05-22-2020,33,West Bengal,3197,1193,259
"",Cases being reassigned to states,1620,"",""
"",Total#,118447,48534,3583
05-23-2020,1,Andaman and Nicobar Islands,33,33,0
05-23-2020,2,Andhra Pradesh,2709,1763,55
05-23-2020,3,Arunachal Pradesh,1,1,0
05-23-2020,4,Assam,259,54,4
05-23-2020,5,Bihar,2177,629,11
05-23-2020,6,Chandigarh,218,178,3
05-23-2020,7,Chhattisgarh,172,62,0
05-23-2020,8,Dadar Nagar Haveli,1,0,0
05-23-2020,9,Delhi,12319,5897,208
05-23-2020,10,Goa,54,16,0
05-23-2020,11,Gujarat,13268,5880,802
05-23-2020,12,Haryana,1067,706,16
05-23-2020,13,Himachal Pradesh,168,59,3
05-23-2020,14,Jammu and Kashmir,1489,720,20
05-23-2020,15,Jharkhand,308,136,3
05-23-2020,16,Karnataka,1743,597,41
05-23-2020,17,Kerala,732,512,4
05-23-2020,18,Ladakh,44,43,0
05-23-2020,19,Madhya Pradesh,6170,3089,272
05-23-2020,20,Maharashtra,44582,12583,1517
05-23-2020,21,Manipur,26,2,0
05-23-2020,22,Meghalaya,14,12,1
05-23-2020,23,Mizoram,1,1,0
05-23-2020,24,Odisha,1189,436,7
05-23-2020,25,Puducherry,26,10,0#
05-23-2020,26,Punjab,2029,1847,39
05-23-2020,27,Rajasthan,6494,3680,153
05-23-2020,28,Tamil Nadu,14753,7128,98
05-23-2020,29,Telengana,1761,1043,45
05-23-2020,30,Tripura,175,152,0
05-23-2020,31,Uttarakhand,153,56,1
05-23-2020,32,Uttar Pradesh,5735,3238,152
05-23-2020,33,West Bengal,3332,1221,265
"",Cases being reassigned to states,1899,"",""
"",Total#,125101,51784,3720
